"Status","Start Time","Stop Time","Duration in ms","Parent Suite","Suite","Sub Suite","Test Class","Test Method","Name","Description"
"passed","Tue Mar 14 21:37:25 IST 2023","Tue Mar 14 21:37:25 IST 2023","1","","The Internet Guinea Pig Website: As a user, I can log into the secure area","","","","",""
"passed","Tue Mar 14 21:42:36 IST 2023","Tue Mar 14 21:42:36 IST 2023","128","","The Internet Guinea Pig Website: As a user, I can log into the secure area","","","","When I login with foobar and barfoo",""
"passed","Tue Mar 14 21:40:12 IST 2023","Tue Mar 14 21:40:16 IST 2023","4151","","The Internet Guinea Pig Website: As a user, I can log into the secure area","","","","Given I am on the login page",""
"passed","Tue Mar 14 21:22:01 IST 2023","Tue Mar 14 21:22:05 IST 2023","3997","","The Internet Guinea Pig Website: As a user, I can log into the secure area","","","","Given I am on the login page",""
"passed","Tue Mar 14 21:16:56 IST 2023","Tue Mar 14 21:16:57 IST 2023","714","","The Internet Guinea Pig Website: As a user, I can log into the secure area","","","","Then I should see a flash message saying Your username is invalid!",""
"passed","Tue Mar 14 21:50:50 IST 2023","Tue Mar 14 21:51:01 IST 2023","10581","","The Internet Guinea Pig Website: As a user, I can log into the secure area","","","","Given I am on the login page",""
"passed","Tue Mar 14 20:55:18 IST 2023","Tue Mar 14 20:55:22 IST 2023","3874","","The Internet Guinea Pig Website: As a user, I can log into the secure area","","","","Given I am on the login page",""
"passed","Tue Mar 14 21:36:25 IST 2023","Tue Mar 14 21:36:25 IST 2023","3","","The Internet Guinea Pig Website: As a user, I can log into the secure area","","","","",""
"passed","Tue Mar 14 21:16:55 IST 2023","Tue Mar 14 21:16:55 IST 2023","747","","The Internet Guinea Pig Website: As a user, I can log into the secure area","","","","Then I should see a flash message saying You logged into a secure area!",""
"passed","Tue Mar 14 21:42:35 IST 2023","Tue Mar 14 21:42:35 IST 2023","167","","The Internet Guinea Pig Website: As a user, I can log into the secure area","","","","When I login with tomsmith and SuperSecretPassword!",""
"passed","Tue Mar 14 21:45:09 IST 2023","Tue Mar 14 21:45:09 IST 2023","317","","The Internet Guinea Pig Website: As a user, I can log into the secure area","","","","Given I am on the login page",""
"passed","Tue Mar 14 21:00:19 IST 2023","Tue Mar 14 21:00:20 IST 2023","215","","The Internet Guinea Pig Website: As a user, I can log into the secure area","","","","When I login with tomsmith and SuperSecretPassword!",""
"passed","Tue Mar 14 21:50:11 IST 2023","Tue Mar 14 21:50:12 IST 2023","330","","The Internet Guinea Pig Website: As a user, I can log into the secure area","","","","Given I am on the login page",""
"passed","Tue Mar 14 21:50:11 IST 2023","Tue Mar 14 21:50:11 IST 2023","786","","The Internet Guinea Pig Website: As a user, I can log into the secure area","","","","Then I should see a flash message saying You logged into a secure area!",""
"passed","Tue Mar 14 20:55:23 IST 2023","Tue Mar 14 20:55:23 IST 2023","1","","The Internet Guinea Pig Website: As a user, I can log into the secure area","","","","",""
"passed","Tue Mar 14 21:27:28 IST 2023","Tue Mar 14 21:27:29 IST 2023","698","","The Internet Guinea Pig Website: As a user, I can log into the secure area","","","","Then I should see a flash message saying Your username is invalid!",""
"passed","Tue Mar 14 22:15:52 IST 2023","Tue Mar 14 22:15:53 IST 2023","1546","","The Internet Guinea Pig Website","","","","As a user, I can log into the secure area",""
"passed","Tue Mar 14 21:51:54 IST 2023","Tue Mar 14 21:51:54 IST 2023","109","","The Internet Guinea Pig Website: As a user, I can log into the secure area","","","","When I login with foobar and barfoo",""
"passed","Tue Mar 14 21:34:06 IST 2023","Tue Mar 14 21:34:06 IST 2023","330","","The Internet Guinea Pig Website: As a user, I can log into the secure area","","","","Given I am on the login page",""
"passed","Tue Mar 14 21:14:47 IST 2023","Tue Mar 14 21:14:48 IST 2023","184","","The Internet Guinea Pig Website: As a user, I can log into the secure area","","","","When I login with tomsmith and SuperSecretPassword!",""
"passed","Tue Mar 14 21:41:47 IST 2023","Tue Mar 14 21:41:47 IST 2023","1","","The Internet Guinea Pig Website: As a user, I can log into the secure area","","","","",""
"passed","Tue Mar 14 21:40:16 IST 2023","Tue Mar 14 21:40:16 IST 2023","169","","The Internet Guinea Pig Website: As a user, I can log into the secure area","","","","When I login with tomsmith and SuperSecretPassword!",""
"passed","Tue Mar 14 21:22:07 IST 2023","Tue Mar 14 21:22:07 IST 2023","1","","The Internet Guinea Pig Website: As a user, I can log into the secure area","","","","",""
"passed","Tue Mar 14 21:27:01 IST 2023","Tue Mar 14 21:27:02 IST 2023","757","","The Internet Guinea Pig Website: As a user, I can log into the secure area","","","","Then I should see a flash message saying You logged into a secure area!",""
"passed","Tue Mar 14 21:15:18 IST 2023","Tue Mar 14 21:15:18 IST 2023","11","","The Internet Guinea Pig Website: As a user, I can log into the secure area","","","","",""
"passed","Tue Mar 14 21:15:18 IST 2023","Tue Mar 14 21:15:19 IST 2023","889","","The Internet Guinea Pig Website: As a user, I can log into the secure area","","","","Given I am on the login page",""
"passed","Tue Mar 14 21:34:54 IST 2023","Tue Mar 14 21:34:55 IST 2023","752","","The Internet Guinea Pig Website: As a user, I can log into the secure area","","","","Then I should see a flash message saying You logged into a secure area!",""
"passed","Tue Mar 14 21:36:30 IST 2023","Tue Mar 14 21:36:30 IST 2023","144","","The Internet Guinea Pig Website: As a user, I can log into the secure area","","","","When I login with foobar and barfoo",""
"passed","Tue Mar 14 21:27:27 IST 2023","Tue Mar 14 21:27:28 IST 2023","723","","The Internet Guinea Pig Website: As a user, I can log into the secure area","","","","Then I should see a flash message saying You logged into a secure area!",""
"passed","Tue Mar 14 21:36:30 IST 2023","Tue Mar 14 21:36:30 IST 2023","0","","The Internet Guinea Pig Website: As a user, I can log into the secure area","","","","",""
"passed","Tue Mar 14 21:36:29 IST 2023","Tue Mar 14 21:36:30 IST 2023","758","","The Internet Guinea Pig Website: As a user, I can log into the secure area","","","","Then I should see a flash message saying You logged into a secure area!",""
"passed","Tue Mar 14 21:40:17 IST 2023","Tue Mar 14 21:40:17 IST 2023","112","","The Internet Guinea Pig Website: As a user, I can log into the secure area","","","","When I login with foobar and barfoo",""
"passed","Tue Mar 14 21:40:12 IST 2023","Tue Mar 14 21:40:12 IST 2023","1","","The Internet Guinea Pig Website: As a user, I can log into the secure area","","","","",""
"passed","Tue Mar 14 21:45:08 IST 2023","Tue Mar 14 21:45:08 IST 2023","205","","The Internet Guinea Pig Website: As a user, I can log into the secure area","","","","When I login with tomsmith and SuperSecretPassword!",""
"passed","Tue Mar 14 20:55:24 IST 2023","Tue Mar 14 20:55:24 IST 2023","0","","The Internet Guinea Pig Website: As a user, I can log into the secure area","","","","",""
"passed","Tue Mar 14 21:51:01 IST 2023","Tue Mar 14 21:51:01 IST 2023","1","","The Internet Guinea Pig Website: As a user, I can log into the secure area","","","","",""
"passed","Tue Mar 14 21:44:27 IST 2023","Tue Mar 14 21:44:28 IST 2023","167","","The Internet Guinea Pig Website: As a user, I can log into the secure area","","","","When I login with tomsmith and SuperSecretPassword!",""
"passed","Tue Mar 14 21:22:06 IST 2023","Tue Mar 14 21:22:06 IST 2023","136","","The Internet Guinea Pig Website: As a user, I can log into the secure area","","","","When I login with foobar and barfoo",""
"passed","Tue Mar 14 21:31:07 IST 2023","Tue Mar 14 21:31:07 IST 2023","1","","The Internet Guinea Pig Website: As a user, I can log into the secure area","","","","",""
"passed","Tue Mar 14 21:46:44 IST 2023","Tue Mar 14 21:46:45 IST 2023","710","","The Internet Guinea Pig Website: As a user, I can log into the secure area","","","","Then I should see a flash message saying You logged into a secure area!",""
"passed","Tue Mar 14 21:27:03 IST 2023","Tue Mar 14 21:27:03 IST 2023","1","","The Internet Guinea Pig Website: As a user, I can log into the secure area","","","","",""
"passed","Tue Mar 14 21:34:00 IST 2023","Tue Mar 14 21:34:00 IST 2023","2","","The Internet Guinea Pig Website: As a user, I can log into the secure area","","","","",""
"passed","Tue Mar 14 21:31:12 IST 2023","Tue Mar 14 21:31:12 IST 2023","98","","The Internet Guinea Pig Website: As a user, I can log into the secure area","","","","When I login with foobar and barfoo",""
"passed","Tue Mar 14 21:29:16 IST 2023","Tue Mar 14 21:29:17 IST 2023","313","","The Internet Guinea Pig Website: As a user, I can log into the secure area","","","","Given I am on the login page",""
"passed","Tue Mar 14 21:34:55 IST 2023","Tue Mar 14 21:34:55 IST 2023","310","","The Internet Guinea Pig Website: As a user, I can log into the secure area","","","","Given I am on the login page",""
"passed","Tue Mar 14 22:21:51 IST 2023","Tue Mar 14 22:21:53 IST 2023","1498","","The Internet Guinea Pig Website","","","","As a user, I can log into the secure area",""
"passed","Tue Mar 14 21:26:57 IST 2023","Tue Mar 14 21:27:01 IST 2023","3621","","The Internet Guinea Pig Website: As a user, I can log into the secure area","","","","Given I am on the login page",""
"passed","Tue Mar 14 21:51:01 IST 2023","Tue Mar 14 21:51:01 IST 2023","1","","The Internet Guinea Pig Website: As a user, I can log into the secure area","","","","",""
"passed","Tue Mar 14 21:16:51 IST 2023","Tue Mar 14 21:16:54 IST 2023","3686","","The Internet Guinea Pig Website: As a user, I can log into the secure area","","","","Given I am on the login page",""
"passed","Tue Mar 14 21:31:55 IST 2023","Tue Mar 14 21:31:55 IST 2023","2","","The Internet Guinea Pig Website: As a user, I can log into the secure area","","","","",""
"passed","Tue Mar 14 21:36:29 IST 2023","Tue Mar 14 21:36:29 IST 2023","198","","The Internet Guinea Pig Website: As a user, I can log into the secure area","","","","When I login with tomsmith and SuperSecretPassword!",""
"passed","Tue Mar 14 21:37:25 IST 2023","Tue Mar 14 21:37:26 IST 2023","697","","The Internet Guinea Pig Website: As a user, I can log into the secure area","","","","Then I should see a flash message saying Your username is invalid!",""
"passed","Tue Mar 14 21:29:16 IST 2023","Tue Mar 14 21:29:16 IST 2023","1","","The Internet Guinea Pig Website: As a user, I can log into the secure area","","","","",""
"passed","Tue Mar 14 22:27:13 IST 2023","Tue Mar 14 22:27:18 IST 2023","5238","","The Internet Guinea Pig Website","","","","As a user, I can log into the secure area",""
"passed","Tue Mar 14 21:36:30 IST 2023","Tue Mar 14 21:36:31 IST 2023","719","","The Internet Guinea Pig Website: As a user, I can log into the secure area","","","","Then I should see a flash message saying Your username is invalid!",""
"passed","Tue Mar 14 21:44:28 IST 2023","Tue Mar 14 21:44:29 IST 2023","315","","The Internet Guinea Pig Website: As a user, I can log into the secure area","","","","Given I am on the login page",""
"passed","Tue Mar 14 21:45:09 IST 2023","Tue Mar 14 21:45:10 IST 2023","712","","The Internet Guinea Pig Website: As a user, I can log into the secure area","","","","Then I should see a flash message saying Your username is invalid!",""
"passed","Tue Mar 14 21:31:13 IST 2023","Tue Mar 14 21:31:13 IST 2023","1","","The Internet Guinea Pig Website: As a user, I can log into the secure area","","","","",""
"passed","Tue Mar 14 21:27:28 IST 2023","Tue Mar 14 21:27:28 IST 2023","1","","The Internet Guinea Pig Website: As a user, I can log into the secure area","","","","",""
"passed","Tue Mar 14 21:41:42 IST 2023","Tue Mar 14 21:41:46 IST 2023","3893","","The Internet Guinea Pig Website: As a user, I can log into the secure area","","","","Given I am on the login page",""
"passed","Tue Mar 14 21:51:03 IST 2023","Tue Mar 14 21:51:03 IST 2023","0","","The Internet Guinea Pig Website: As a user, I can log into the secure area","","","","",""
"passed","Tue Mar 14 21:39:37 IST 2023","Tue Mar 14 21:39:38 IST 2023","222","","The Internet Guinea Pig Website: As a user, I can log into the secure area","","","","When I login with tomsmith and SuperSecretPassword!",""
"passed","Tue Mar 14 21:00:51 IST 2023","Tue Mar 14 21:00:52 IST 2023","163","","The Internet Guinea Pig Website: As a user, I can log into the secure area","","","","When I login with foobar and barfoo",""
"passed","Tue Mar 14 21:51:01 IST 2023","Tue Mar 14 21:51:01 IST 2023","715","","The Internet Guinea Pig Website: As a user, I can log into the secure area","","","","Then I should see a flash message saying You logged into a secure area!",""
"passed","Tue Mar 14 20:58:27 IST 2023","Tue Mar 14 20:58:38 IST 2023","10843","","The Internet Guinea Pig Website: As a user, I can log into the secure area","","","","Then I should see a flash message saying You logged into a secure area!",""
"passed","Tue Mar 14 21:36:30 IST 2023","Tue Mar 14 21:36:30 IST 2023","318","","The Internet Guinea Pig Website: As a user, I can log into the secure area","","","","Given I am on the login page",""
"passed","Tue Mar 14 21:22:06 IST 2023","Tue Mar 14 21:22:06 IST 2023","0","","The Internet Guinea Pig Website: As a user, I can log into the secure area","","","","",""
"passed","Tue Mar 14 21:51:53 IST 2023","Tue Mar 14 21:51:53 IST 2023","168","","The Internet Guinea Pig Website: As a user, I can log into the secure area","","","","When I login with tomsmith and SuperSecretPassword!",""
"passed","Tue Mar 14 21:34:05 IST 2023","Tue Mar 14 21:34:05 IST 2023","192","","The Internet Guinea Pig Website: As a user, I can log into the secure area","","","","When I login with tomsmith and SuperSecretPassword!",""
"passed","Tue Mar 14 21:50:02 IST 2023","Tue Mar 14 21:50:10 IST 2023","8439","","The Internet Guinea Pig Website: As a user, I can log into the secure area","","","","Given I am on the login page",""
"passed","Tue Mar 14 21:37:25 IST 2023","Tue Mar 14 21:37:25 IST 2023","313","","The Internet Guinea Pig Website: As a user, I can log into the secure area","","","","Given I am on the login page",""
"passed","Tue Mar 14 21:34:05 IST 2023","Tue Mar 14 21:34:06 IST 2023","785","","The Internet Guinea Pig Website: As a user, I can log into the secure area","","","","Then I should see a flash message saying You logged into a secure area!",""
"passed","Tue Mar 14 21:34:55 IST 2023","Tue Mar 14 21:34:55 IST 2023","104","","The Internet Guinea Pig Website: As a user, I can log into the secure area","","","","When I login with foobar and barfoo",""
"passed","Tue Mar 14 21:27:02 IST 2023","Tue Mar 14 21:27:02 IST 2023","0","","The Internet Guinea Pig Website: As a user, I can log into the secure area","","","","",""
"passed","Tue Mar 14 21:50:12 IST 2023","Tue Mar 14 21:50:12 IST 2023","142","","The Internet Guinea Pig Website: As a user, I can log into the secure area","","","","When I login with foobar and barfoo",""
"passed","Tue Mar 14 21:50:11 IST 2023","Tue Mar 14 21:50:11 IST 2023","1","","The Internet Guinea Pig Website: As a user, I can log into the secure area","","","","",""
"passed","Tue Mar 14 21:45:09 IST 2023","Tue Mar 14 21:45:09 IST 2023","1","","The Internet Guinea Pig Website: As a user, I can log into the secure area","","","","",""
"passed","Tue Mar 14 21:41:47 IST 2023","Tue Mar 14 21:41:47 IST 2023","2","","The Internet Guinea Pig Website: As a user, I can log into the secure area","","","","",""
"passed","Tue Mar 14 21:42:36 IST 2023","Tue Mar 14 21:42:37 IST 2023","699","","The Internet Guinea Pig Website: As a user, I can log into the secure area","","","","Then I should see a flash message saying Your username is invalid!",""
"passed","Tue Mar 14 21:44:28 IST 2023","Tue Mar 14 21:44:28 IST 2023","1","","The Internet Guinea Pig Website: As a user, I can log into the secure area","","","","",""
"passed","Tue Mar 14 21:51:49 IST 2023","Tue Mar 14 21:51:49 IST 2023","2","","The Internet Guinea Pig Website: As a user, I can log into the secure area","","","","",""
"passed","Tue Mar 14 21:27:23 IST 2023","Tue Mar 14 21:27:23 IST 2023","2","","The Internet Guinea Pig Website: As a user, I can log into the secure area","","","","",""
"passed","Tue Mar 14 21:27:28 IST 2023","Tue Mar 14 21:27:28 IST 2023","125","","The Internet Guinea Pig Website: As a user, I can log into the secure area","","","","When I login with foobar and barfoo",""
"passed","Tue Mar 14 20:58:39 IST 2023","Tue Mar 14 20:58:39 IST 2023","172","","The Internet Guinea Pig Website: As a user, I can log into the secure area","","","","When I login with foobar and barfoo",""
"passed","Tue Mar 14 20:58:38 IST 2023","Tue Mar 14 20:58:38 IST 2023","1","","The Internet Guinea Pig Website: As a user, I can log into the secure area","","","","",""
"passed","Tue Mar 14 21:31:55 IST 2023","Tue Mar 14 21:31:58 IST 2023","3909","","The Internet Guinea Pig Website: As a user, I can log into the secure area","","","","Given I am on the login page",""
"passed","Tue Mar 14 21:14:48 IST 2023","Tue Mar 14 21:15:18 IST 2023","30759","","The Internet Guinea Pig Website: As a user, I can log into the secure area","","","","Then I should see a flash message saying You logged into a secure area!",""
"passed","Tue Mar 14 21:46:44 IST 2023","Tue Mar 14 21:46:44 IST 2023","179","","The Internet Guinea Pig Website: As a user, I can log into the secure area","","","","When I login with tomsmith and SuperSecretPassword!",""
"passed","Tue Mar 14 21:41:48 IST 2023","Tue Mar 14 21:41:48 IST 2023","1","","The Internet Guinea Pig Website: As a user, I can log into the secure area","","","","",""
"passed","Tue Mar 14 21:46:45 IST 2023","Tue Mar 14 21:46:45 IST 2023","1","","The Internet Guinea Pig Website: As a user, I can log into the secure area","","","","",""
"passed","Tue Mar 14 20:58:38 IST 2023","Tue Mar 14 20:58:39 IST 2023","862","","The Internet Guinea Pig Website: As a user, I can log into the secure area","","","","Given I am on the login page",""
"passed","Tue Mar 14 21:39:33 IST 2023","Tue Mar 14 21:39:37 IST 2023","3990","","The Internet Guinea Pig Website: As a user, I can log into the secure area","","","","Given I am on the login page",""
"passed","Tue Mar 14 21:32:00 IST 2023","Tue Mar 14 21:32:00 IST 2023","116","","The Internet Guinea Pig Website: As a user, I can log into the secure area","","","","When I login with foobar and barfoo",""
"passed","Tue Mar 14 21:45:05 IST 2023","Tue Mar 14 21:45:05 IST 2023","2","","The Internet Guinea Pig Website: As a user, I can log into the secure area","","","","",""
"passed","Tue Mar 14 21:34:55 IST 2023","Tue Mar 14 21:34:55 IST 2023","1","","The Internet Guinea Pig Website: As a user, I can log into the secure area","","","","",""
"passed","Tue Mar 14 21:37:26 IST 2023","Tue Mar 14 21:37:26 IST 2023","0","","The Internet Guinea Pig Website: As a user, I can log into the secure area","","","","",""
"passed","Tue Mar 14 21:37:25 IST 2023","Tue Mar 14 21:37:25 IST 2023","2","","The Internet Guinea Pig Website: As a user, I can log into the secure area","","","","",""
"passed","Tue Mar 14 20:55:22 IST 2023","Tue Mar 14 20:55:22 IST 2023","171","","The Internet Guinea Pig Website: As a user, I can log into the secure area","","","","When I login with tomsmith and SuperSecretPassword!",""
"passed","Tue Mar 14 21:41:48 IST 2023","Tue Mar 14 21:41:48 IST 2023","693","","The Internet Guinea Pig Website: As a user, I can log into the secure area","","","","Then I should see a flash message saying Your username is invalid!",""
"passed","Tue Mar 14 21:34:49 IST 2023","Tue Mar 14 21:34:54 IST 2023","4746","","The Internet Guinea Pig Website: As a user, I can log into the secure area","","","","Given I am on the login page",""
"passed","Tue Mar 14 21:41:47 IST 2023","Tue Mar 14 21:41:47 IST 2023","711","","The Internet Guinea Pig Website: As a user, I can log into the secure area","","","","Then I should see a flash message saying You logged into a secure area!",""
"passed","Tue Mar 14 21:31:59 IST 2023","Tue Mar 14 21:32:00 IST 2023","305","","The Internet Guinea Pig Website: As a user, I can log into the secure area","","","","Given I am on the login page",""
"passed","Tue Mar 14 21:40:17 IST 2023","Tue Mar 14 21:40:17 IST 2023","316","","The Internet Guinea Pig Website: As a user, I can log into the secure area","","","","Given I am on the login page",""
"passed","Tue Mar 14 20:58:27 IST 2023","Tue Mar 14 20:58:27 IST 2023","174","","The Internet Guinea Pig Website: As a user, I can log into the secure area","","","","When I login with tomsmith and SuperSecretPassword!",""
"passed","Tue Mar 14 21:32:00 IST 2023","Tue Mar 14 21:32:00 IST 2023","691","","The Internet Guinea Pig Website: As a user, I can log into the secure area","","","","Then I should see a flash message saying Your username is invalid!",""
"passed","Tue Mar 14 22:23:07 IST 2023","Tue Mar 14 22:23:08 IST 2023","1551","","The Internet Guinea Pig Website","","","","As a user, I can log into the secure area",""
"passed","Tue Mar 14 21:42:37 IST 2023","Tue Mar 14 21:42:37 IST 2023","0","","The Internet Guinea Pig Website: As a user, I can log into the secure area","","","","",""
"passed","Tue Mar 14 21:31:59 IST 2023","Tue Mar 14 21:31:59 IST 2023","717","","The Internet Guinea Pig Website: As a user, I can log into the secure area","","","","Then I should see a flash message saying You logged into a secure area!",""
"passed","Tue Mar 14 21:31:11 IST 2023","Tue Mar 14 21:31:12 IST 2023","712","","The Internet Guinea Pig Website: As a user, I can log into the secure area","","","","Then I should see a flash message saying You logged into a secure area!",""
"passed","Tue Mar 14 21:00:14 IST 2023","Tue Mar 14 21:00:19 IST 2023","5643","","The Internet Guinea Pig Website: As a user, I can log into the secure area","","","","Given I am on the login page",""
"passed","Tue Mar 14 21:00:50 IST 2023","Tue Mar 14 21:00:51 IST 2023","1120","","The Internet Guinea Pig Website: As a user, I can log into the secure area","","","","Given I am on the login page",""
"passed","Tue Mar 14 21:27:28 IST 2023","Tue Mar 14 21:27:28 IST 2023","320","","The Internet Guinea Pig Website: As a user, I can log into the secure area","","","","Given I am on the login page",""
"passed","Tue Mar 14 21:51:54 IST 2023","Tue Mar 14 21:51:55 IST 2023","710","","The Internet Guinea Pig Website: As a user, I can log into the secure area","","","","Then I should see a flash message saying Your username is invalid!",""
"passed","Tue Mar 14 21:31:12 IST 2023","Tue Mar 14 21:31:12 IST 2023","0","","The Internet Guinea Pig Website: As a user, I can log into the secure area","","","","",""
"passed","Tue Mar 14 21:27:02 IST 2023","Tue Mar 14 21:27:02 IST 2023","123","","The Internet Guinea Pig Website: As a user, I can log into the secure area","","","","When I login with foobar and barfoo",""
"passed","Tue Mar 14 21:16:54 IST 2023","Tue Mar 14 21:16:55 IST 2023","193","","The Internet Guinea Pig Website: As a user, I can log into the secure area","","","","When I login with tomsmith and SuperSecretPassword!",""
"passed","Tue Mar 14 21:29:11 IST 2023","Tue Mar 14 21:29:15 IST 2023","4675","","The Internet Guinea Pig Website: As a user, I can log into the secure area","","","","Given I am on the login page",""
"passed","Tue Mar 14 21:22:06 IST 2023","Tue Mar 14 21:22:06 IST 2023","333","","The Internet Guinea Pig Website: As a user, I can log into the secure area","","","","Given I am on the login page",""
"passed","Tue Mar 14 22:21:47 IST 2023","Tue Mar 14 22:21:51 IST 2023","4904","","The Internet Guinea Pig Website","","","","As a user, I can log into the secure area",""
"passed","Tue Mar 14 21:41:46 IST 2023","Tue Mar 14 21:41:47 IST 2023","186","","The Internet Guinea Pig Website: As a user, I can log into the secure area","","","","When I login with tomsmith and SuperSecretPassword!",""
"passed","Tue Mar 14 21:15:19 IST 2023","Tue Mar 14 21:15:20 IST 2023","237","","The Internet Guinea Pig Website: As a user, I can log into the secure area","","","","When I login with foobar and barfoo",""
"passed","Tue Mar 14 20:55:23 IST 2023","Tue Mar 14 20:55:23 IST 2023","0","","The Internet Guinea Pig Website: As a user, I can log into the secure area","","","","",""
"passed","Tue Mar 14 21:40:18 IST 2023","Tue Mar 14 21:40:18 IST 2023","1","","The Internet Guinea Pig Website: As a user, I can log into the secure area","","","","",""
"passed","Tue Mar 14 21:22:05 IST 2023","Tue Mar 14 21:22:05 IST 2023","186","","The Internet Guinea Pig Website: As a user, I can log into the secure area","","","","When I login with tomsmith and SuperSecretPassword!",""
"passed","Tue Mar 14 21:29:16 IST 2023","Tue Mar 14 21:29:16 IST 2023","1","","The Internet Guinea Pig Website: As a user, I can log into the secure area","","","","",""
"passed","Tue Mar 14 21:34:49 IST 2023","Tue Mar 14 21:34:49 IST 2023","1","","The Internet Guinea Pig Website: As a user, I can log into the secure area","","","","",""
"passed","Tue Mar 14 21:27:27 IST 2023","Tue Mar 14 21:27:27 IST 2023","152","","The Internet Guinea Pig Website: As a user, I can log into the secure area","","","","When I login with tomsmith and SuperSecretPassword!",""
"passed","Tue Mar 14 21:16:51 IST 2023","Tue Mar 14 21:16:51 IST 2023","2","","The Internet Guinea Pig Website: As a user, I can log into the secure area","","","","",""
"passed","Tue Mar 14 21:14:44 IST 2023","Tue Mar 14 21:14:44 IST 2023","2","","The Internet Guinea Pig Website: As a user, I can log into the secure area","","","","",""
"passed","Tue Mar 14 21:50:50 IST 2023","Tue Mar 14 21:50:50 IST 2023","2","","The Internet Guinea Pig Website: As a user, I can log into the secure area","","","","",""
"passed","Tue Mar 14 22:07:45 IST 2023","Tue Mar 14 22:07:46 IST 2023","1442","","The Internet Guinea Pig Website","","","","As a user, I can log into the secure area",""
"passed","Tue Mar 14 21:16:57 IST 2023","Tue Mar 14 21:16:57 IST 2023","1","","The Internet Guinea Pig Website: As a user, I can log into the secure area","","","","",""
"passed","Tue Mar 14 20:55:24 IST 2023","Tue Mar 14 20:55:24 IST 2023","129","","The Internet Guinea Pig Website: As a user, I can log into the secure area","","","","When I login with foobar and barfoo",""
"passed","Tue Mar 14 21:29:16 IST 2023","Tue Mar 14 21:29:16 IST 2023","709","","The Internet Guinea Pig Website: As a user, I can log into the secure area","","","","Then I should see a flash message saying You logged into a secure area!",""
"passed","Tue Mar 14 21:42:31 IST 2023","Tue Mar 14 21:42:31 IST 2023","1","","The Internet Guinea Pig Website: As a user, I can log into the secure area","","","","",""
"passed","Tue Mar 14 22:25:04 IST 2023","Tue Mar 14 22:25:05 IST 2023","1512","","The Internet Guinea Pig Website","","","","As a user, I can log into the secure area",""
"passed","Tue Mar 14 21:22:06 IST 2023","Tue Mar 14 21:22:07 IST 2023","748","","The Internet Guinea Pig Website: As a user, I can log into the secure area","","","","Then I should see a flash message saying Your username is invalid!",""
"passed","Tue Mar 14 21:39:39 IST 2023","Tue Mar 14 21:39:39 IST 2023","141","","The Internet Guinea Pig Website: As a user, I can log into the secure area","","","","When I login with foobar and barfoo",""
"passed","Tue Mar 14 21:39:38 IST 2023","Tue Mar 14 21:39:38 IST 2023","1","","The Internet Guinea Pig Website: As a user, I can log into the secure area","","","","",""
"passed","Tue Mar 14 21:34:06 IST 2023","Tue Mar 14 21:34:06 IST 2023","1","","The Internet Guinea Pig Website: As a user, I can log into the secure area","","","","",""
"passed","Tue Mar 14 21:00:52 IST 2023","Tue Mar 14 21:01:22 IST 2023","30696","","The Internet Guinea Pig Website: As a user, I can log into the secure area","","","","Then I should see a flash message saying Your username is invalid!",""
"passed","Tue Mar 14 21:42:36 IST 2023","Tue Mar 14 21:42:36 IST 2023","1","","The Internet Guinea Pig Website: As a user, I can log into the secure area","","","","",""
"passed","Tue Mar 14 21:37:24 IST 2023","Tue Mar 14 21:37:24 IST 2023","152","","The Internet Guinea Pig Website: As a user, I can log into the secure area","","","","When I login with tomsmith and SuperSecretPassword!",""
"passed","Tue Mar 14 21:46:45 IST 2023","Tue Mar 14 21:46:45 IST 2023","310","","The Internet Guinea Pig Website: As a user, I can log into the secure area","","","","Given I am on the login page",""
"passed","Tue Mar 14 21:29:17 IST 2023","Tue Mar 14 21:29:18 IST 2023","718","","The Internet Guinea Pig Website: As a user, I can log into the secure area","","","","Then I should see a flash message saying Your username is invalid!",""
"passed","Tue Mar 14 21:50:02 IST 2023","Tue Mar 14 21:50:02 IST 2023","2","","The Internet Guinea Pig Website: As a user, I can log into the secure area","","","","",""
"passed","Tue Mar 14 21:27:28 IST 2023","Tue Mar 14 21:27:28 IST 2023","1","","The Internet Guinea Pig Website: As a user, I can log into the secure area","","","","",""
"passed","Tue Mar 14 22:28:32 IST 2023","Tue Mar 14 22:28:33 IST 2023","1475","","The Internet Guinea Pig Website","","","","As a user, I can log into the secure area",""
"passed","Tue Mar 14 21:51:01 IST 2023","Tue Mar 14 21:51:02 IST 2023","306","","The Internet Guinea Pig Website: As a user, I can log into the secure area","","","","Given I am on the login page",""
"passed","Tue Mar 14 21:44:29 IST 2023","Tue Mar 14 21:44:29 IST 2023","1","","The Internet Guinea Pig Website: As a user, I can log into the secure area","","","","",""
"passed","Tue Mar 14 20:58:16 IST 2023","Tue Mar 14 20:58:16 IST 2023","3","","The Internet Guinea Pig Website: As a user, I can log into the secure area","","","","",""
"passed","Tue Mar 14 21:16:55 IST 2023","Tue Mar 14 21:16:56 IST 2023","322","","The Internet Guinea Pig Website: As a user, I can log into the secure area","","","","Given I am on the login page",""
"passed","Tue Mar 14 21:31:12 IST 2023","Tue Mar 14 21:31:13 IST 2023","704","","The Internet Guinea Pig Website: As a user, I can log into the secure area","","","","Then I should see a flash message saying Your username is invalid!",""
"passed","Tue Mar 14 21:15:18 IST 2023","Tue Mar 14 21:15:18 IST 2023","0","","The Internet Guinea Pig Website: As a user, I can log into the secure area","","","","",""
"passed","Tue Mar 14 21:31:58 IST 2023","Tue Mar 14 21:31:59 IST 2023","153","","The Internet Guinea Pig Website: As a user, I can log into the secure area","","","","When I login with tomsmith and SuperSecretPassword!",""
"passed","Tue Mar 14 21:50:11 IST 2023","Tue Mar 14 21:50:11 IST 2023","1","","The Internet Guinea Pig Website: As a user, I can log into the secure area","","","","",""
"passed","Tue Mar 14 21:34:07 IST 2023","Tue Mar 14 21:34:07 IST 2023","1","","The Internet Guinea Pig Website: As a user, I can log into the secure area","","","","",""
"passed","Tue Mar 14 21:34:07 IST 2023","Tue Mar 14 21:34:07 IST 2023","725","","The Internet Guinea Pig Website: As a user, I can log into the secure area","","","","Then I should see a flash message saying Your username is invalid!",""
"passed","Tue Mar 14 21:40:17 IST 2023","Tue Mar 14 21:40:17 IST 2023","1","","The Internet Guinea Pig Website: As a user, I can log into the secure area","","","","",""
"passed","Tue Mar 14 20:55:24 IST 2023","Tue Mar 14 20:55:24 IST 2023","722","","The Internet Guinea Pig Website: As a user, I can log into the secure area","","","","Then I should see a flash message saying Your username is invalid!",""
"passed","Tue Mar 14 21:15:50 IST 2023","Tue Mar 14 21:15:50 IST 2023","1","","The Internet Guinea Pig Website: As a user, I can log into the secure area","","","","",""
"passed","Tue Mar 14 21:39:38 IST 2023","Tue Mar 14 21:39:38 IST 2023","748","","The Internet Guinea Pig Website: As a user, I can log into the secure area","","","","Then I should see a flash message saying You logged into a secure area!",""
"passed","Tue Mar 14 21:27:02 IST 2023","Tue Mar 14 21:27:02 IST 2023","314","","The Internet Guinea Pig Website: As a user, I can log into the secure area","","","","Given I am on the login page",""
"passed","Tue Mar 14 22:28:26 IST 2023","Tue Mar 14 22:28:32 IST 2023","5204","","The Internet Guinea Pig Website","","","","As a user, I can log into the secure area",""
"passed","Tue Mar 14 21:45:05 IST 2023","Tue Mar 14 21:45:08 IST 2023","3304","","The Internet Guinea Pig Website: As a user, I can log into the secure area","","","","Given I am on the login page",""
"passed","Tue Mar 14 21:51:54 IST 2023","Tue Mar 14 21:51:54 IST 2023","0","","The Internet Guinea Pig Website: As a user, I can log into the secure area","","","","",""
"passed","Tue Mar 14 21:39:33 IST 2023","Tue Mar 14 21:39:33 IST 2023","2","","The Internet Guinea Pig Website: As a user, I can log into the secure area","","","","",""
"passed","Tue Mar 14 21:41:42 IST 2023","Tue Mar 14 21:41:42 IST 2023","2","","The Internet Guinea Pig Website: As a user, I can log into the secure area","","","","",""
"passed","Tue Mar 14 21:51:55 IST 2023","Tue Mar 14 21:51:55 IST 2023","1","","The Internet Guinea Pig Website: As a user, I can log into the secure area","","","","",""
"passed","Tue Mar 14 21:39:39 IST 2023","Tue Mar 14 21:39:40 IST 2023","716","","The Internet Guinea Pig Website: As a user, I can log into the secure area","","","","Then I should see a flash message saying Your username is invalid!",""
"passed","Tue Mar 14 21:36:31 IST 2023","Tue Mar 14 21:36:31 IST 2023","1","","The Internet Guinea Pig Website: As a user, I can log into the secure area","","","","",""
"passed","Tue Mar 14 21:37:19 IST 2023","Tue Mar 14 21:37:19 IST 2023","2","","The Internet Guinea Pig Website: As a user, I can log into the secure area","","","","",""
"passed","Tue Mar 14 21:44:28 IST 2023","Tue Mar 14 21:44:28 IST 2023","2","","The Internet Guinea Pig Website: As a user, I can log into the secure area","","","","",""
"passed","Tue Mar 14 21:31:11 IST 2023","Tue Mar 14 21:31:11 IST 2023","169","","The Internet Guinea Pig Website: As a user, I can log into the secure area","","","","When I login with tomsmith and SuperSecretPassword!",""
"passed","Tue Mar 14 21:45:09 IST 2023","Tue Mar 14 21:45:09 IST 2023","134","","The Internet Guinea Pig Website: As a user, I can log into the secure area","","","","When I login with foobar and barfoo",""
"passed","Tue Mar 14 21:16:55 IST 2023","Tue Mar 14 21:16:55 IST 2023","1","","The Internet Guinea Pig Website: As a user, I can log into the secure area","","","","",""
"passed","Tue Mar 14 20:58:38 IST 2023","Tue Mar 14 20:58:38 IST 2023","2","","The Internet Guinea Pig Website: As a user, I can log into the secure area","","","","",""
"passed","Tue Mar 14 21:27:01 IST 2023","Tue Mar 14 21:27:01 IST 2023","180","","The Internet Guinea Pig Website: As a user, I can log into the secure area","","","","When I login with tomsmith and SuperSecretPassword!",""
"passed","Tue Mar 14 20:55:22 IST 2023","Tue Mar 14 20:55:23 IST 2023","776","","The Internet Guinea Pig Website: As a user, I can log into the secure area","","","","Then I should see a flash message saying You logged into a secure area!",""
"passed","Tue Mar 14 21:31:07 IST 2023","Tue Mar 14 21:31:11 IST 2023","3751","","The Internet Guinea Pig Website: As a user, I can log into the secure area","","","","Given I am on the login page",""
"passed","Tue Mar 14 21:39:38 IST 2023","Tue Mar 14 21:39:39 IST 2023","325","","The Internet Guinea Pig Website: As a user, I can log into the secure area","","","","Given I am on the login page",""
"passed","Tue Mar 14 21:16:55 IST 2023","Tue Mar 14 21:16:55 IST 2023","1","","The Internet Guinea Pig Website: As a user, I can log into the secure area","","","","",""
"passed","Tue Mar 14 21:44:23 IST 2023","Tue Mar 14 21:44:27 IST 2023","3961","","The Internet Guinea Pig Website: As a user, I can log into the secure area","","","","Given I am on the login page",""
"passed","Tue Mar 14 21:51:01 IST 2023","Tue Mar 14 21:51:01 IST 2023","120","","The Internet Guinea Pig Website: As a user, I can log into the secure area","","","","When I login with tomsmith and SuperSecretPassword!",""
"passed","Tue Mar 14 21:51:54 IST 2023","Tue Mar 14 21:51:54 IST 2023","1","","The Internet Guinea Pig Website: As a user, I can log into the secure area","","","","",""
"passed","Tue Mar 14 20:55:18 IST 2023","Tue Mar 14 20:55:18 IST 2023","6","","The Internet Guinea Pig Website: As a user, I can log into the secure area","","","","",""
"passed","Tue Mar 14 21:42:36 IST 2023","Tue Mar 14 21:42:36 IST 2023","0","","The Internet Guinea Pig Website: As a user, I can log into the secure area","","","","",""
"passed","Tue Mar 14 22:18:44 IST 2023","Tue Mar 14 22:18:49 IST 2023","5775","","The Internet Guinea Pig Website","","","","As a user, I can log into the secure area",""
"passed","Tue Mar 14 21:40:16 IST 2023","Tue Mar 14 21:40:17 IST 2023","707","","The Internet Guinea Pig Website: As a user, I can log into the secure area","","","","Then I should see a flash message saying You logged into a secure area!",""
"passed","Tue Mar 14 22:24:59 IST 2023","Tue Mar 14 22:25:04 IST 2023","4861","","The Internet Guinea Pig Website","","","","As a user, I can log into the secure area",""
"passed","Tue Mar 14 21:36:30 IST 2023","Tue Mar 14 21:36:30 IST 2023","1","","The Internet Guinea Pig Website: As a user, I can log into the secure area","","","","",""
"passed","Tue Mar 14 21:46:39 IST 2023","Tue Mar 14 21:46:39 IST 2023","2","","The Internet Guinea Pig Website: As a user, I can log into the secure area","","","","",""
"passed","Tue Mar 14 20:58:50 IST 2023","Tue Mar 14 20:58:50 IST 2023","1","","The Internet Guinea Pig Website: As a user, I can log into the secure area","","","","",""
"passed","Tue Mar 14 21:46:45 IST 2023","Tue Mar 14 21:46:45 IST 2023","114","","The Internet Guinea Pig Website: As a user, I can log into the secure area","","","","When I login with foobar and barfoo",""
"passed","Tue Mar 14 22:07:40 IST 2023","Tue Mar 14 22:07:45 IST 2023","5198","","The Internet Guinea Pig Website","","","","As a user, I can log into the secure area",""
"passed","Tue Mar 14 22:15:45 IST 2023","Tue Mar 14 22:15:52 IST 2023","6584","","The Internet Guinea Pig Website","","","","As a user, I can log into the secure area",""
"passed","Tue Mar 14 21:00:20 IST 2023","Tue Mar 14 21:00:50 IST 2023","30773","","The Internet Guinea Pig Website: As a user, I can log into the secure area","","","","Then I should see a flash message saying You logged into a secure area!",""
"passed","Tue Mar 14 21:51:53 IST 2023","Tue Mar 14 21:51:54 IST 2023","775","","The Internet Guinea Pig Website: As a user, I can log into the secure area","","","","Then I should see a flash message saying You logged into a secure area!",""
"passed","Tue Mar 14 21:27:23 IST 2023","Tue Mar 14 21:27:27 IST 2023","3681","","The Internet Guinea Pig Website: As a user, I can log into the secure area","","","","Given I am on the login page",""
"passed","Tue Mar 14 21:37:25 IST 2023","Tue Mar 14 21:37:25 IST 2023","102","","The Internet Guinea Pig Website: As a user, I can log into the secure area","","","","When I login with foobar and barfoo",""
"passed","Tue Mar 14 21:44:23 IST 2023","Tue Mar 14 21:44:23 IST 2023","2","","The Internet Guinea Pig Website: As a user, I can log into the secure area","","","","",""
"passed","Tue Mar 14 21:29:15 IST 2023","Tue Mar 14 21:29:16 IST 2023","166","","The Internet Guinea Pig Website: As a user, I can log into the secure area","","","","When I login with tomsmith and SuperSecretPassword!",""
"passed","Tue Mar 14 21:37:24 IST 2023","Tue Mar 14 21:37:25 IST 2023","721","","The Internet Guinea Pig Website: As a user, I can log into the secure area","","","","Then I should see a flash message saying You logged into a secure area!",""
"passed","Tue Mar 14 21:42:35 IST 2023","Tue Mar 14 21:42:36 IST 2023","713","","The Internet Guinea Pig Website: As a user, I can log into the secure area","","","","Then I should see a flash message saying You logged into a secure area!",""
"passed","Tue Mar 14 22:23:01 IST 2023","Tue Mar 14 22:23:07 IST 2023","5307","","The Internet Guinea Pig Website","","","","As a user, I can log into the secure area",""
"passed","Tue Mar 14 21:44:28 IST 2023","Tue Mar 14 21:44:28 IST 2023","701","","The Internet Guinea Pig Website: As a user, I can log into the secure area","","","","Then I should see a flash message saying You logged into a secure area!",""
"passed","Tue Mar 14 21:00:50 IST 2023","Tue Mar 14 21:00:50 IST 2023","0","","The Internet Guinea Pig Website: As a user, I can log into the secure area","","","","",""
"passed","Tue Mar 14 21:34:55 IST 2023","Tue Mar 14 21:34:56 IST 2023","712","","The Internet Guinea Pig Website: As a user, I can log into the secure area","","","","Then I should see a flash message saying Your username is invalid!",""
"passed","Tue Mar 14 21:41:47 IST 2023","Tue Mar 14 21:41:48 IST 2023","307","","The Internet Guinea Pig Website: As a user, I can log into the secure area","","","","Given I am on the login page",""
"passed","Tue Mar 14 21:22:06 IST 2023","Tue Mar 14 21:22:06 IST 2023","1","","The Internet Guinea Pig Website: As a user, I can log into the secure area","","","","",""
"passed","Tue Mar 14 21:39:40 IST 2023","Tue Mar 14 21:39:40 IST 2023","1","","The Internet Guinea Pig Website: As a user, I can log into the secure area","","","","",""
"passed","Tue Mar 14 21:31:12 IST 2023","Tue Mar 14 21:31:12 IST 2023","310","","The Internet Guinea Pig Website: As a user, I can log into the secure area","","","","Given I am on the login page",""
"passed","Tue Mar 14 21:01:22 IST 2023","Tue Mar 14 21:01:22 IST 2023","1","","The Internet Guinea Pig Website: As a user, I can log into the secure area","","","","",""
"passed","Tue Mar 14 21:51:02 IST 2023","Tue Mar 14 21:51:02 IST 2023","87","","The Internet Guinea Pig Website: As a user, I can log into the secure area","","","","When I login with foobar and barfoo",""
"passed","Tue Mar 14 21:34:54 IST 2023","Tue Mar 14 21:34:54 IST 2023","165","","The Internet Guinea Pig Website: As a user, I can log into the secure area","","","","When I login with tomsmith and SuperSecretPassword!",""
"passed","Tue Mar 14 21:46:45 IST 2023","Tue Mar 14 21:46:46 IST 2023","699","","The Internet Guinea Pig Website: As a user, I can log into the secure area","","","","Then I should see a flash message saying Your username is invalid!",""
"passed","Tue Mar 14 21:40:17 IST 2023","Tue Mar 14 21:40:18 IST 2023","687","","The Internet Guinea Pig Website: As a user, I can log into the secure area","","","","Then I should see a flash message saying Your username is invalid!",""
"passed","Tue Mar 14 21:27:02 IST 2023","Tue Mar 14 21:27:02 IST 2023","1","","The Internet Guinea Pig Website: As a user, I can log into the secure area","","","","",""
"passed","Tue Mar 14 21:44:29 IST 2023","Tue Mar 14 21:44:29 IST 2023","120","","The Internet Guinea Pig Website: As a user, I can log into the secure area","","","","When I login with foobar and barfoo",""
"passed","Tue Mar 14 21:14:44 IST 2023","Tue Mar 14 21:14:47 IST 2023","3691","","The Internet Guinea Pig Website: As a user, I can log into the secure area","","","","Given I am on the login page",""
"passed","Tue Mar 14 21:50:12 IST 2023","Tue Mar 14 21:50:13 IST 2023","736","","The Internet Guinea Pig Website: As a user, I can log into the secure area","","","","Then I should see a flash message saying Your username is invalid!",""
"passed","Tue Mar 14 21:16:56 IST 2023","Tue Mar 14 21:16:56 IST 2023","128","","The Internet Guinea Pig Website: As a user, I can log into the secure area","","","","When I login with foobar and barfoo",""
"passed","Tue Mar 14 21:31:12 IST 2023","Tue Mar 14 21:31:12 IST 2023","1","","The Internet Guinea Pig Website: As a user, I can log into the secure area","","","","",""
"passed","Tue Mar 14 21:29:18 IST 2023","Tue Mar 14 21:29:18 IST 2023","1","","The Internet Guinea Pig Website: As a user, I can log into the secure area","","","","",""
"passed","Tue Mar 14 21:29:11 IST 2023","Tue Mar 14 21:29:11 IST 2023","1","","The Internet Guinea Pig Website: As a user, I can log into the secure area","","","","",""
"passed","Tue Mar 14 21:22:01 IST 2023","Tue Mar 14 21:22:01 IST 2023","1","","The Internet Guinea Pig Website: As a user, I can log into the secure area","","","","",""
"passed","Tue Mar 14 21:46:46 IST 2023","Tue Mar 14 21:46:46 IST 2023","1","","The Internet Guinea Pig Website: As a user, I can log into the secure area","","","","",""
"passed","Tue Mar 14 21:34:06 IST 2023","Tue Mar 14 21:34:06 IST 2023","1","","The Internet Guinea Pig Website: As a user, I can log into the secure area","","","","",""
"passed","Tue Mar 14 21:39:38 IST 2023","Tue Mar 14 21:39:38 IST 2023","2","","The Internet Guinea Pig Website: As a user, I can log into the secure area","","","","",""
"passed","Tue Mar 14 21:46:45 IST 2023","Tue Mar 14 21:46:45 IST 2023","2","","The Internet Guinea Pig Website: As a user, I can log into the secure area","","","","",""
"passed","Tue Mar 14 21:34:06 IST 2023","Tue Mar 14 21:34:07 IST 2023","118","","The Internet Guinea Pig Website: As a user, I can log into the secure area","","","","When I login with foobar and barfoo",""
"passed","Tue Mar 14 21:42:36 IST 2023","Tue Mar 14 21:42:36 IST 2023","324","","The Internet Guinea Pig Website: As a user, I can log into the secure area","","","","Given I am on the login page",""
"passed","Tue Mar 14 21:00:50 IST 2023","Tue Mar 14 21:00:50 IST 2023","3","","The Internet Guinea Pig Website: As a user, I can log into the secure area","","","","",""
"passed","Tue Mar 14 21:29:17 IST 2023","Tue Mar 14 21:29:17 IST 2023","112","","The Internet Guinea Pig Website: As a user, I can log into the secure area","","","","When I login with foobar and barfoo",""
"passed","Tue Mar 14 21:32:00 IST 2023","Tue Mar 14 21:32:00 IST 2023","1","","The Internet Guinea Pig Website: As a user, I can log into the secure area","","","","",""
"passed","Tue Mar 14 21:27:29 IST 2023","Tue Mar 14 21:27:29 IST 2023","1","","The Internet Guinea Pig Website: As a user, I can log into the secure area","","","","",""
"passed","Tue Mar 14 21:00:14 IST 2023","Tue Mar 14 21:00:14 IST 2023","3","","The Internet Guinea Pig Website: As a user, I can log into the secure area","","","","",""
"passed","Tue Mar 14 21:44:29 IST 2023","Tue Mar 14 21:44:29 IST 2023","713","","The Internet Guinea Pig Website: As a user, I can log into the secure area","","","","Then I should see a flash message saying Your username is invalid!",""
"passed","Tue Mar 14 20:55:23 IST 2023","Tue Mar 14 20:55:24 IST 2023","334","","The Internet Guinea Pig Website: As a user, I can log into the secure area","","","","Given I am on the login page",""
"passed","Tue Mar 14 21:15:20 IST 2023","Tue Mar 14 21:15:50 IST 2023","30734","","The Internet Guinea Pig Website: As a user, I can log into the secure area","","","","Then I should see a flash message saying Your username is invalid!",""
"passed","Tue Mar 14 22:18:49 IST 2023","Tue Mar 14 22:18:51 IST 2023","1532","","The Internet Guinea Pig Website","","","","As a user, I can log into the secure area",""
"passed","Tue Mar 14 21:40:17 IST 2023","Tue Mar 14 21:40:17 IST 2023","1","","The Internet Guinea Pig Website: As a user, I can log into the secure area","","","","",""
"passed","Tue Mar 14 20:58:39 IST 2023","Tue Mar 14 20:58:50 IST 2023","10734","","The Internet Guinea Pig Website: As a user, I can log into the secure area","","","","Then I should see a flash message saying Your username is invalid!",""
"passed","Tue Mar 14 21:50:13 IST 2023","Tue Mar 14 21:50:13 IST 2023","1","","The Internet Guinea Pig Website: As a user, I can log into the secure area","","","","",""
"passed","Tue Mar 14 21:45:09 IST 2023","Tue Mar 14 21:45:09 IST 2023","2","","The Internet Guinea Pig Website: As a user, I can log into the secure area","","","","",""
"passed","Tue Mar 14 21:51:54 IST 2023","Tue Mar 14 21:51:54 IST 2023","321","","The Internet Guinea Pig Website: As a user, I can log into the secure area","","","","Given I am on the login page",""
"passed","Tue Mar 14 21:46:39 IST 2023","Tue Mar 14 21:46:44 IST 2023","4175","","The Internet Guinea Pig Website: As a user, I can log into the secure area","","","","Given I am on the login page",""
"passed","Tue Mar 14 21:45:10 IST 2023","Tue Mar 14 21:45:10 IST 2023","1","","The Internet Guinea Pig Website: As a user, I can log into the secure area","","","","",""
"passed","Tue Mar 14 21:51:02 IST 2023","Tue Mar 14 21:51:03 IST 2023","694","","The Internet Guinea Pig Website: As a user, I can log into the secure area","","","","Then I should see a flash message saying Your username is invalid!",""
"passed","Tue Mar 14 21:42:31 IST 2023","Tue Mar 14 21:42:35 IST 2023","4212","","The Internet Guinea Pig Website: As a user, I can log into the secure area","","","","Given I am on the login page",""
"passed","Tue Mar 14 21:34:00 IST 2023","Tue Mar 14 21:34:05 IST 2023","4753","","The Internet Guinea Pig Website: As a user, I can log into the secure area","","","","Given I am on the login page",""
"passed","Tue Mar 14 21:27:02 IST 2023","Tue Mar 14 21:27:03 IST 2023","702","","The Internet Guinea Pig Website: As a user, I can log into the secure area","","","","Then I should see a flash message saying Your username is invalid!",""
"passed","Tue Mar 14 21:50:10 IST 2023","Tue Mar 14 21:50:11 IST 2023","231","","The Internet Guinea Pig Website: As a user, I can log into the secure area","","","","When I login with tomsmith and SuperSecretPassword!",""
"passed","Tue Mar 14 22:27:18 IST 2023","Tue Mar 14 22:27:19 IST 2023","1484","","The Internet Guinea Pig Website","","","","As a user, I can log into the secure area",""
"passed","Tue Mar 14 21:37:19 IST 2023","Tue Mar 14 21:37:24 IST 2023","4635","","The Internet Guinea Pig Website: As a user, I can log into the secure area","","","","Given I am on the login page",""
"passed","Tue Mar 14 21:41:48 IST 2023","Tue Mar 14 21:41:48 IST 2023","116","","The Internet Guinea Pig Website: As a user, I can log into the secure area","","","","When I login with foobar and barfoo",""
"passed","Tue Mar 14 21:34:55 IST 2023","Tue Mar 14 21:34:55 IST 2023","1","","The Internet Guinea Pig Website: As a user, I can log into the secure area","","","","",""
"passed","Tue Mar 14 21:31:59 IST 2023","Tue Mar 14 21:31:59 IST 2023","0","","The Internet Guinea Pig Website: As a user, I can log into the secure area","","","","",""
"passed","Tue Mar 14 20:58:16 IST 2023","Tue Mar 14 20:58:27 IST 2023","10643","","The Internet Guinea Pig Website: As a user, I can log into the secure area","","","","Given I am on the login page",""
"passed","Tue Mar 14 21:34:56 IST 2023","Tue Mar 14 21:34:56 IST 2023","1","","The Internet Guinea Pig Website: As a user, I can log into the secure area","","","","",""
"passed","Tue Mar 14 21:36:25 IST 2023","Tue Mar 14 21:36:29 IST 2023","3682","","The Internet Guinea Pig Website: As a user, I can log into the secure area","","","","Given I am on the login page",""
"passed","Tue Mar 14 21:31:59 IST 2023","Tue Mar 14 21:31:59 IST 2023","1","","The Internet Guinea Pig Website: As a user, I can log into the secure area","","","","",""
"passed","Tue Mar 14 21:26:57 IST 2023","Tue Mar 14 21:26:57 IST 2023","2","","The Internet Guinea Pig Website: As a user, I can log into the secure area","","","","",""
"passed","Tue Mar 14 21:45:08 IST 2023","Tue Mar 14 21:45:09 IST 2023","742","","The Internet Guinea Pig Website: As a user, I can log into the secure area","","","","Then I should see a flash message saying You logged into a secure area!",""
"passed","Tue Mar 14 21:22:05 IST 2023","Tue Mar 14 21:22:06 IST 2023","761","","The Internet Guinea Pig Website: As a user, I can log into the secure area","","","","Then I should see a flash message saying You logged into a secure area!",""
"passed","Tue Mar 14 21:51:49 IST 2023","Tue Mar 14 21:51:53 IST 2023","3989","","The Internet Guinea Pig Website: As a user, I can log into the secure area","","","","Given I am on the login page",""
